5CJF	5CJF
5CKR	5CKR
5CKS	5CKS
5CNM	5CNM
5CP9	5CP9
5CPR	5CPR
5CQJ	5CQJ
5CR7	5CR7
5CS2	5CS2
5CUH	5CUH
5CVD	5CVD
5CW8	5CW8
5CWA	5CWA
5D11	5D11
5D1R	5D1R
5D1W	5D1W
5D2A	5D2A
5D2R	5D2R
5D3X	5D3X
5D6E	5D6E
5D6Q	5D6Q
5DYO	5DYO
5E1S	5E1S
5E2L	5E2L
5E8R	5E8R
5E91	5E91
5EA4	5EA4
5EAK	5EAK
5ECI	5ECI
5EDD	5EDD
5EDL	5EDL
5EDU	5EDU
5EE7	5EE7
5EEF	5EEF
5EEL	5EEL
6DGT	6DGT
6DIH	6DIH
6DKI	6DKI
6DL9	6DL9
6DLX	6DLX
6DO1	6DO1
6DS0	6DS0
6DSP	6DSP
6DUB	6DUB
6DUK	6DUK
6DXX	6DXX
6DYN	6DYN
6DZ2	6DZ2
6DZV	6DZV
6DZX	6DZX
6DZY	6DZY
6E13	6E13
2JBP	2JBP
2JDH	2JDH
2JF4	2JF4
2JJR	2JJR
2WIB	2WIB
2WIC	2WIC
2WJI	2WJI
2WK2	2WK2
2WOS	2WOS
2WP1	2WP1
2WPB	2WPB
2WQ5	2WQ5
2WQB	2WQB
2WQP	2WQP
2WR8	2WR8
2WSX	2WSX
2XG9	2XG9
2XGM	2XGM
2XI7	2XI7
2XJ7	2XJ7
2XKC	2XKC
2XLC	2XLC
2XOG	2XOG
2XPK	2XPK
2XQQ	2XQQ
2XSB	2XSB
2XTK	2XTK
2XTO	2XTO
2XUZ	2XUZ
2XXY	2XXY
2XYR	2XYR
2XYU	2XYU
2XZC	2XZC
2YMT	2YMT
2YOG	2YOG
2YOL	2YOL
2YPI	2YPI
2Z3H	2Z3H
2Z4R	2Z4R
2Z7I	2Z7I
2Z7R	2Z7R
2Z8E	2Z8E
2Z92	2Z92
2ZA0	2ZA0
2ZA3	2ZA3
2ZBK	2ZBK
2ZCQ	2ZCQ
2ZDX	2ZDX
3BCN	3BCN
3BF1	3BF1
3BG8	3BG8
3BHB	3BHB
3BKL	3BKL
3BL7	3BL7
3BRN	3BRN
3BU1	3BU1
4Y8D	4Y8D
4Y94	4Y94
4YAY	4YAY
4YB6	4YB6
4YC0	4YC0
4YCW	4YCW
4YDG	4YDG
4YDQ	4YDQ
4YE3	4YE3
4YEC	4YEC
4YEE	4YEE
4YEF	4YEF
4YFF	4YFF
4YHO	4YHO
4YHZ	4YHZ
4YK0	4YK0
4YKK	4YKK
4YL3	4YL3
4YM2	4YM2
4YMG	4YMG
4YOG	4YOG
4YQH	4YQH
4YRD	4YRD
4YRG	4YRG
4YRR	4YRR
4YSL	4YSL
4YUR	4YUR
4YV1	4YV1
4YV8	4YV8
1TUF	1TUF
1TVE	1TVE
1TYR	1TYR
1U0G	1U0G
1U1W	1U1W
1U2R	1U2R
1U2Y	1U2Y
1U59	1U59
1U9E	1U9E
1UA4	1UA4
1UCN	1UCN
1UDU	1UDU
1UEF	1UEF
1UGP	1UGP
1UH1	1UH1
1UI0	1UI0
1UJ6	1UJ6
1UKT	1UKT
1ULE	1ULE
1ULG	1ULG
1UOU	1UOU
1UPF	1UPF
1URG	1URG
1UTJ	1UTJ
1UTR	1UTR
1UTZ	1UTZ
1UVS	1UVS
1UVU	1UVU
1UX7	1UX7
5GID	5GID
5GJ9	5GJ9
5GLU	5GLU
5GMU	5GMU
5GMV	5GMV
5GN6	5GN6
5GOE	5GOE
5GR9	5GR9
5GUT	5GUT
5GWY	5GWY
5GWZ	5GWZ
5GX6	5GX6
5H08	5H08
5H1V	5H1V
5H5F	5H5F
5H5O	5H5O
5H5Q	5H5Q
5H63	5H63
5H9S	5H9S
5HA1	5HA1
5HBN	5HBN
6JFK	6JFK
6JID	6JID
6JIJ	6JIJ
6JJN	6JJN
6JOF	6JOF
6JTC	6JTC
6K1Q	6K1Q
6K2N	6K2N
6K3L	6K3L
6K4R	6K4R
6K4X	6K4X
6KDI	6KDI
6KEB	6KEB
2ZG1	2ZG1
2ZIF	2ZIF
2ZJF	2ZJF
2ZLG	2ZLG
2ZQ0	2ZQ0
2ZSC	2ZSC
3GBA	3GBA
3GBE	3GBE
3GBQ	3GBQ
3GCU	3GCU
3GDT	3GDT
3GF2	3GF2
3GGU	3GGU
3GK2	3GK2
3GL6	3GL6
3GM0	3GM0
3GPE	3GPE
3GPJ	3GPJ
3GPO	3GPO
3GS6	3GS6
3GUZ	3GUZ
3GWW	3GWW
3GX0	3GX0
3GXL	3GXL
3GXZ	3GXZ
3GZN	3GZN
3H0Q	3H0Q
3H0W	3H0W
3H22	3H22
3H6Z	3H6Z
3H78	3H78
3H91	3H91
3H9F	3H9F
3HAV	3HAV
3HB4	3HB4
3HDK	3HDK
3HDN	3HDN
3HF6	3HF6
3HFV	3HFV
3HHA	3HHA
3HII	3HII
3HKW	3HKW
3HNB	3HNB
3HNG	3HNG
3HNZ	3HNZ
3HP9	3HP9
3HQ5	3HQ5
4I73	4I73
4I7D	4I7D
4I7J	4I7J
4I80	4I80
4I9H	4I9H
4I9O	4I9O
4IAW	4IAW
4IBB	4IBB
4IBG	4IBG
2RIO	2RIO
2RJP	2RJP
2RKN	2RKN
2ROK	2ROK
2RR4	2RR4
2RVN	2RVN
2SFP	2SFP
2SIM	2SIM
2STD	2STD
2TOH	2TOH
2TSR	2TSR
2UUO	2UUO
2UVM	2UVM
2Y1G	2Y1G
2Y1N	2Y1N
2Y1X	2Y1X
2Y3P	2Y3P
2Y4M	2Y4M
2Y6C	2Y6C
2Y77	2Y77
2Y7P	2Y7P
2Y8I	2Y8I
2Y8L	2Y8L
2Y9G	2Y9G
2YA6	2YA6
2YAY	2YAY
2YB9	2YB9
2YBT	2YBT
2YCS	2YCS
2YDJ	2YDJ
2YDV	2YDV
2YEM	2YEM
2YFA	2YFA
2YG2	2YG2
2YHY	2YHY
2YIU	2YIU
2YJQ	2YJQ
2YK1	2YK1
3ML5	3ML5
3MLB	3MLB
3MLE	3MLE
3MN8	3MN8
3MO5	3MO5
3MO8	3MO8
1MOQ	1MOQ
1MRS	1MRS
1MS0	1MS0
1MTO	1MTO
1MWT	1MWT
1MZS	1MZS
1N0S	1N0S
1N1G	1N1G
1N1V	1N1V
1N3I	1N3I
1N3W	1N3W
1N3Z	1N3Z
1N46	1N46
4MCC	4MCC
4MCD	4MCD
4MF0	4MF0
4MGV	4MGV
4MHA	4MHA
4MHY	4MHY
4MJO	4MJO
4MMP	4MMP
4MN3	4MN3
4MNP	4MNP
4MO4	4MO4
4MRE	4MRE
4MSS	4MSS
4MUK	4MUK
4MUV	4MUV
4MW9	4MW9
4MY6	4MY6
4MYD	4MYD
4MYH	4MYH
4MZJ	4MZJ
4N3W	4N3W
4N5T	4N5T
4N6H	4N6H
4N8D	4N8D
4NA4	4NA4
4NAN	4NAN
4NAU	4NAU
4NCM	4NCM
4NCN	4NCN
4NDU	4NDU
4NJ9	4NJ9
4NKT	4NKT
4NMR	4NMR
4NMX	4NMX
4NNR	4NNR
4NO8	4NO8
4NO9	4NO9
4NON	4NON
4NP9	4NP9
4NQ6	4NQ6
4NRQ	4NRQ
4NRT	4NRT
4NTJ	4NTJ
4NWC	4NWC
4NXU	4NXU
4NYJ	4NYJ
4NYT	4NYT
4NZB	4NZB
4O1L	4O1L
4O2C	4O2C
4O42	4O42
4O4K	4O4K
4O5G	4O5G
4O7D	4O7D
4O97	4O97
4OAG	4OAG
4OAK	4OAK
4OBO	4OBO
4OBQ	4OBQ
4OBV	4OBV
4OBZ	4OBZ
4OCQ	4OCQ
4OCX	4OCX
4OD7	4OD7
4OD9	4OD9
4OEG	4OEG
4OI6	4OI6
4OIV	4OIV
4OJQ	4OJQ
4OMA	4OMA
4OMK	4OMK
4ONO	4ONO
4OO9	4OO9
4OON	4OON
4OQ5	4OQ5
4OR0	4OR0
4ORX	4ORX
4OTG	4OTG
4OTI	4OTI
4OTW	4OTW
4OTY	4OTY
4OUE	4OUE
4OUJ	4OUJ
4OVZ	4OVZ
4OYT	4OYT
4OZL	4OZL
6C98	6C98
6C9P	6C9P
6CCN	6CCN
6CCX	6CCX
6CEN	6CEN
6CER	6CER
6CEX	6CEX
6CF5	6CF5
6CF7	6CF7
6CFC	6CFC
6CFD	6CFD
6CGT	6CGT
6CJ5	6CJ5
6CJR	6CJR
6CJS	6CJS
1JT1	1JT1
1JUY	1JUY
1JYQ	1JYQ
1JYS	1JYS
1JZS	1JZS
1K03	1K03
1K1Y	1K1Y
1K9R	1K9R
1KEL	1KEL
1KF0	1KF0
1KF6	1KF6
1KJR	1KJR
1KKQ	1KKQ
1KLL	1KLL
1KMV	1KMV
1KMY	1KMY
1KQB	1KQB
1KUG	1KUG
1KVO	1KVO
1LAH	1LAH
1LF8	1LF8
1LF9	1LF9
1LKE	1LKE
1LKL	1LKL
1LKX	1LKX
1LL4	1LL4
1LLB	1LLB
1LOQ	1LOQ
3S3K	3S3K
3S3Q	3S3Q
3S4Q	3S4Q
3S6T	3S6T
3SFG	3SFG
3SH1	3SH1
3SK2	3SK2
3SM0	3SM0
3SM2	3SM2
3SMQ	3SMQ
3SOQ	3SOQ
3SOW	3SOW
3SPK	3SPK
3SRB	3SRB
3SRG	3SRG
5UWM	5UWM
5UX4	5UX4
5UY8	5UY8
5V13	5V13
5V1B	5V1B
5V24	5V24
5V2L	5V2L
5V2P	5V2P
5V35	5V35
5V3O	5V3O
5V42	5V42
5V4Q	5V4Q
5V7A	5V7A
5V7I	5V7I
5V7W	5V7W
5V84	5V84
5V86	5V86
5V8H	5V8H
5V8P	5V8P
5V9T	5V9T
5VAD	5VAD
5VB5	5VB5
5VCV	5VCV
5VD2	5VD2
5VDK	5VDK
5VEX	5VEX
5VFJ	5VFJ
5VH0	5VH0
5VJA	5VJA
5VJN	5VJN
5VKC	5VKC
5VKM	5VKM
5VL2	5VL2
5ZK7	5ZK7
5ZK8	5ZK8
5ZKU	5ZKU
5ZMA	5ZMA
5ZML	5ZML
5ZNR	5ZNR
5ZO9	5ZO9
5ZTN	5ZTN
5ZTY	5ZTY
4OZO	4OZO
4P4S	4P4S
4P4T	4P4T
4P58	4P58
4P5E	4P5E
4P6C	4P6C
4P72	4P72
4P7E	4P7E
4P90	4P90
4PB2	4PB2
4PDE	4PDE
4PEE	4PEE
4PFT	4PFT
4PFU	4PFU
4PGC	4PGC
4PGH	4PGH
4PH4	4PH4
4PID	4PID
4PIQ	4PIQ
4PKV	4PKV
4PL0	4PL0
4PL4	4PL4
4PLI	4PLI
4PNI	4PNI
4PO0	4PO0
4POV	4POV
4PQA	4PQA
4PS1	4PS1
4PY4	4PY4
4PYQ	4PYQ
4PZV	4PZV
4Q0K	4Q0K
4Q15	4Q15
4Q1E	4Q1E
4Q1S	4Q1S
4Q2K	4Q2K
4Q3U	4Q3U
4Q46	4Q46
4Q4I	4Q4I
4Q6R	4Q6R
4Q93	4Q93
4Q9M	4Q9M
4Q9S	4Q9S
4Q9Z	4Q9Z
4QBB	4QBB
4QC1	4QC1
4QDK	4QDK
4QFR	4QFR
4QHC	4QHC
4QHP	4QHP
4QIP	4QIP
4QK4	4QK4
4QKD	4QKD
4QLV	4QLV
4QMP	4QMP
4QN7	4QN7
4QN9	4QN9
4QNU	4QNU
4QPA	4QPA
4QPD	4QPD
4QPL	4QPL
4QQ4	4QQ4
4QT2	4QT2
4QTB	4QTB
4QTN	4QTN
4QVX	4QVX
4R02	4R02
4R0A	4R0A
4R17	4R17
4R3S	4R3S
4R5A	4R5A
4R5T	4R5T
4R73	4R73
4RA1	4RA1
4RAN	4RAN
4RCG	4RCG
4RD0	4RD0
4RDN	4RDN
4RE3	4RE3
4RES	4RES
4RET	4RET
4TPT	4TPT
4TQ3	4TQ3
4TRC	4TRC
4TW8	4TW8
4TW9	4TW9
4TWC	4TWC
4TWD	4TWD
4TXC	4TXC
4TXE	4TXE
4TZ2	4TZ2
4U03	4U03
4U0F	4U0F
4U0S	4U0S
4U0W	4U0W
4U3F	4U3F
4U58	4U58
4U68	4U68
4U82	4U82
4UAC	4UAC
6KJF	6KJF
6KLA	6KLA
6KLK	6KLK
6KNH	6KNH
6KQI	6KQI
6M87	6M87
6M89	6M89
6M8Q	6M8Q
6M8W	6M8W
6M9T	6M9T
6MAJ	6MAJ
6MAX	6MAX
6MCK	6MCK
6MDD	6MDD
6MDQ	6MDQ
6ME4	6ME4
6MG5	6MG5
6MHB	6MHB
6MHM	6MHM
6MI6	6MI6
6MIA	6MIA
6MIL	6MIL
6MJF	6MJF
6MJU	6MJU
6MKQ	6MKQ
6MLH	6MLH
6MMQ	6MMQ
6MO0	6MO0
6MO5	6MO5
6MRG	6MRG
6MSN	6MSN
6MSO	6MSO
6MSY	6MSY
6MU3	6MU3
6MVU	6MVU
6MXB	6MXB
6N0M	6N0M
6N3K	6N3K
6N3L	6N3L
6N3Y	6N3Y
6N48	6N48
6N4B	6N4B
6N5X	6N5X
6N69	6N69
6N7C	6N7C
6N95	6N95
6N9L	6N9L
6NAF	6NAF
1XT3	1XT3
1XZ8	1XZ8
1Y0L	1Y0L
1Y1M	1Y1M
1Y2G	1Y2G
1Y3N	1Y3N
1Y57	1Y57
1Y98	1Y98
1YA4	1YA4
1YBG	1YBG
1YEJ	1YEJ
1YFZ	1YFZ
1YHM	1YHM
1YKP	1YKP
1YON	1YON
1YSI	1YSI
1YVZ	1YVZ
1Z2B	1Z2B
2ZV2	2ZV2
2ZV9	2ZV9
2ZYM	2ZYM
3A1E	3A1E
3A1S	3A1S
3A3Y	3A3Y
3A5Y	3A5Y
3ACL	3ACL
3AD8	3AD8
3AFK	3AFK
3AH8	3AH8
3AHO	3AHO
3AI8	3AI8
3AIG	3AIG
3ANT	3ANT
3AQA	3AQA
3AQT	3AQT
3ARN	3ARN
3ARQ	3ARQ
3ASK	3ASK
3AU6	3AU6
3AVZ	3AVZ
3AY0	3AY0
3AZ8	3AZ8
3BXF	3BXF
3BYU	3BYU
3C14	3C14
3C1N	3C1N
3C2O	3C2O
3C56	3C56
3C6W	3C6W
3C7N	3C7N
3C8E	3C8E
3C9E	3C9E
4IDO	4IDO
4IDT	4IDT
4IDV	4IDV
4IGQ	4IGQ
4IGR	4IGR
4IGT	4IGT
4IH3	4IH3
4II9	4II9
4IIC	4IIC
4IJ1	4IJ1
4IJH	4IJH
4IJP	4IJP
4IMQ	4IMQ
4INB	4INB
4IPN	4IPN
4IQT	4IQT
4IRX	4IRX
4IU1	4IU1
4IUR	4IUR
5EJL	5EJL
5EK0	5EK0
5EL2	5EL2
5ELW	5ELW
5ELY	5ELY
5EMB	5EMB
5EMJ	5EMJ
5ENB	5ENB
5EOM	5EOM
5EPK	5EPK
5EPL	5EPL
5EQE	5EQE
5ERG	5ERG
5ETQ	5ETQ
5EUD	5EUD
5EVD	5EVD
5EW0	5EW0
5EWJ	5EWJ
5EWY	5EWY
2ON3	2ON3
2ONB	2ONB
2OSC	2OSC
2OV4	2OV4
2OWB	2OWB
2OYM	2OYM
2OZ2	2OZ2
2OZ5	2OZ5
2OZR	2OZR
2P0D	2P0D
2P3A	2P3A
2P3C	2P3C
2P3D	2P3D
2P3I	2P3I
2P3O	2P3O
2P4S	2P4S
2P53	2P53
2P7A	2P7A
2PCP	2PCP
2PFY	2PFY
2PG2	2PG2
2PGJ	2PGJ
2UXI	2UXI
2UYN	2UYN
2UYQ	2UYQ
2UYW	2UYW
2UZ9	2UZ9
2V12	2V12
2V16	2V16
2V2H	2V2H
2V2Q	2V2Q
2V3E	2V3E
2V3U	2V3U
2V54	2V54
2V57	2V57
2V58	2V58
2V77	2V77
2V83	2V83
2V85	2V85
2V95	2V95
2VA6	2VA6
2VAQ	2VAQ
2VC7	2VC7
2VC9	2VC9
2VD4	2VD4
2VES	2VES
2VFK	2VFK
2VFZ	2VFZ
2VHQ	2VHQ
2VK2	2VK2
2VK6	2VK6
2VL1	2VL1
3B1T	3B1T
3B2Q	3B2Q
3B3X	3B3X
3B50	3B50
3B8H	3B8H
3B8Z	3B8Z
3B95	3B95
3BB1	3BB1
3BBB	3BBB
3BBT	3BBT
4UAT	4UAT
4UCE	4UCE
4UCO	4UCO
5U6J	5U6J
5U7M	5U7M
5U94	5U94
5U9I	5U9I
5UAH	5UAH
5UBG	5UBG
5UBT	5UBT
5UC1	5UC1
5UE4	5UE4
5UFC	5UFC
5UFF	5UFF
5UFS	5UFS
5UGG	5UGG
5UGH	5UGH
5UIG	5UIG
5UJV	5UJV
5ULP	5ULP
5UN9	5UN9
5UNF	5UNF
5UNG	5UNG
5UOO	5UOO
5UQV	5UQV
5UR6	5UR6
5URK	5URK
5USF	5USF
5UUU	5UUU
5UV1	5UV1
5UVC	5UVC
6E2M	6E2M
6E3S	6E3S
6E4T	6E4T
6E4W	6E4W
6E59	6E59
6E6W	6E6W
6E7M	6E7M
6E86	6E86
6E8M	6E8M
6E9W	6E9W
6EB1	6EB1
6EB1	4OJR
6EB1	6NCJ
6ED6	6ED6
6EEE	6EEE
6EGA	6EGA
6EGS	6EGS
6EHH	6EHH
6EI4	6EI4
6EIR	6EIR
6EJ4	6EJ4
6EJI	6EJI
6EK3	6EK3
6EKS	6EKS
6EMU	6EMU
2AM2	2AM2
2AM4	2AM4
2ANL	2ANL
2ANS	2ANS
2AOU	2AOU
2AQ7	2AQ7
2AUC	2AUC
2AY1	2AY1
2AZ5	2AZ5
2AZM	2AZM
2B1Q	2B1Q
2B2V	2B2V
2B4L	2B4L
2BFR	2BFR
2BJM	2BJM
6GXG	6GXG
6GXY	6GXY
6GZ9	6GZ9
6GZD	6GZD
6GZH	6GZH
6GZY	6GZY
6H1D	6H1D
6H4A	6H4A
6H4D	6H4D
6H4S	6H4S
6H77	6H77
6H78	6H78
6H7D	6H7D
6H7F	6H7F
6H7O	6H7O
6H96	6H96
6H9V	6H9V
6H9X	6H9X
6HA4	6HA4
6HAX	6HAX
6HBM	6HBM
6HCV	6HCV
6HCW	6HCW
6HGR	6HGR
6HH5	6HH5
6HK6	6HK6
6HKE	6HKE
6UL8	6UL8
6V1C	6V1C
966C	966C
9ICD	9ICD
3TL0	3TL0
3TMK	3TMK
3TNE	3TNE
3TNH	3TNH
3TSD	3TSD
3TTM	3TTM
3TTN	3TTN
3TTP	3TTP
3TU9	3TU9
3TVL	3TVL
3TVX	3TVX
3TWS	3TWS
3TWW	3TWW
3TXO	3TXO
3TZ2	3TZ2
3TZD	3TZD
3U0P	3U0P
3U15	3U15
3U1I	3U1I
3U2Q	3U2Q
3U3U	3U3U
3U3Z	3U3Z
3U6W	3U6W
3U78	3U78
3U7K	3U7K
3U7S	3U7S
1SME	1SME
1SO2	1SO2
1SQN	1SQN
1STP	1STP
1SW1	1SW1
1SWI	1SWI
1SYO	1SYO
1SZD	1SZD
1T13	1T13
1T32	1T32
1T3T	1T3T
1T4E	1T4E
1TCW	1TCW
1TD7	1TD7
1TFZ	1TFZ
1TKA	1TKA
1TL3	1TL3
1TL9	1TL9
1TPW	1TPW
1TPZ	1TPZ
1TRD	1TRD
16PK	16PK
1A09	1A09
1A0Q	1A0Q
1A4G	1A4G
1A4H	1A4H
1A4M	1A4M
1A4R	1A4R
1A52	1A52
1A5H	1A5H
1A7T	1A7T
1A7X	1A7X
1A99	1A99
1AF2	1AF2
1AF6	1AF6
1AG9	1AG9
1AHX	1AHX
1AI6	1AI6
1AKQ	1AKQ
1AL8	1AL8
1AO8	1AO8
1APB	1APB
1APV	1APV
1AQ7	1AQ7
1AQI	1AQI
1AT5	1AT5
1ATL	1ATL
1ATR	1ATR
1AW1	1AW1
1AX0	1AX0
1AX1	1AX1
1LOX	1LOX
1LV8	1LV8
1LZO	1LZO
1M0O	1M0O
1M21	1M21
1M2X	1M2X
1M5W	1M5W
1M6P	1M6P
1M74	1M74
1M7I	1M7I
1M7Y	1M7Y
1M9N	1M9N
1MAI	1MAI
1ME3	1ME3
1ME8	1ME8
1MFA	1MFA
1MFD	1MFD
1MFI	1MFI
1MH5	1MH5
1MHW	1MHW
1MJJ	1MJJ
1ML1	1ML1
1MMQ	1MMQ
5L26	5L26
6BFN	6BFN
6BH0	6BH0
6BH8	6BH8
6BHI	6BHI
6BIJ	6BIJ
6BIV	6BIV
6BJO	6BJO
6BKX	6BKX
6BM6	6BM6
6BNL	6BNL
6BOY	6BOY
6BQ0	6BQ0
6BQH	6BQH
6BS3	6BS3
6BSX	6BSX
6BT0	6BT0
6BTO	6BTO
6BU0	6BU0
6BW5	6BW5
6BX6	6BX6
6BYZ	6BYZ
6R8P	6R8P
6RJP	6RJP
6RK4	6RK4
6RN6	6RN6
6RPG	6RPG
6RQK	6RQK
6RTW	6RTW
6RZ6	6RZ6
6S07	6S07
6S0E	6S0E
6S4T	6S4T
6S88	6S88
6SEN	6SEN
6SFC	6SFC
6SGE	6SGE
6SSY	6SSY
6SUO	6SUO
6SUO	5DX3
6SY7	6SY7
6TL2	6TL2
6U9V	6U9V
6UEG	6UEG
6UFO	6UFO
1IAU	1IAU
1IBG	1IBG
1ICJ	1ICJ
1IEW	1IEW
1IGB	1IGB
1IHY	1IHY
1IK4	1IK4
1IKT	1IKT
1IL5	1IL5
1ILQ	1ILQ
1O4F	1O4F
1O5F	1O5F
1O5P	1O5P
1O8B	1O8B
1O9D	1O9D
1OAY	1OAY
1OBA	1OBA
1OCN	1OCN
1ODJ	1ODJ
1OE0	1OE0
1OE7	1OE7
1OEB	1OEB
1OGD	1OGD
1OGZ	1OGZ
1OIF	1OIF
1OKO	1OKO
2VL8	2VL8
2VMD	2VMD
2VNP	2VNP
2VO4	2VO4
2VOT	2VOT
2VPE	2VPE
2VPN	2VPN
2VR0	2VR0
2VSL	2VSL
2VVO	2VVO
2VVT	2VVT
2VW1	2VW1
2VWW	2VWW
2VX9	2VX9
2VXA	2VXA
2VXN	2VXN
2VYT	2VYT
2VZR	2VZR
2W08	2W08
2W0J	2W0J
2W0S	2W0S
2W12	2W12
2W2I	2W2I
2W47	2W47
2W4I	2W4I
2W54	2W54
2W68	2W68
4YVZ	4YVZ
2PJL	2PJL
2PMN	2PMN
2PNC	2PNC
2POQ	2POQ
2PQJ	2PQJ
2PQL	2PQL
2PRE	2PRE
2PSJ	2PSJ
2PSX	2PSX
2PT9	2PT9
2PTZ	2PTZ
2PVH	2PVH
2PWG	2PWG
2PZE	2PZE
2PZI	2PZI
2Q2N	2Q2N
2Q3Z	2Q3Z
2Q6F	2Q6F
2Q7M	2Q7M
2Q89	2Q89
2Q8H	2Q8H
2Q9M	2Q9M
2Q9Y	2Q9Y
2QBU	2QBU
2QCF	2QCF
2QE2	2QE2
2QHD	2QHD
2QIC	2QIC
2QLJ	2QLJ
2QO1	2QO1
2QPQ	2QPQ
2QPU	2QPU
2QRK	2QRK
2QRY	2QRY
2QTA	2QTA
2QTU	2QTU
2QV7	2QV7
2QX0	2QX0
2QZX	2QZX
2R0H	2R0H
2R0Y	2R0Y
2R2B	2R2B
2R2L	2R2L
2R5A	2R5A
2R75	2R75
2R8Q	2R8Q
2RA6	2RA6
2RC8	2RC8
2RC9	2RC9
2RCB	2RCB
2RCN	2RCN
2RCU	2RCU
2RFY	2RFY
2RI9	2RI9
2RIA	2RIA
2RIN	2RIN
1PBQ	1PBQ
1PDQ	1PDQ
1PFY	1PFY
1PGP	1PGP
1POP	1POP
1POT	1POT
1PPX	1PPX
1PR1	1PR1
1PU7	1PU7
1PUM	1PUM
2WUF	2WUF
2WYI	2WYI
2WYN	2WYN
2WZF	2WZF
2WZS	2WZS
2WZX	2WZX
2X09	2X09
2X2C	2X2C
2X2I	2X2I
2X2L	2X2L
2X39	2X39
2X3T	2X3T
2X6K	2X6K
2X6W	2X6W
2X7X	2X7X
2X9E	2X9E
2XAE	2XAE
2XCG	2XCG
2XCK	2XCK
2XCS	2XCS
2XD9	2XD9
2XDE	2XDE
2XE4	2XE4
3IOF	3IOF
3IOI	3IOI
3IP8	3IP8
3IP9	3IP9
3IPQ	3IPQ
3IPX	3IPX
3ISJ	3ISJ
3ITH	3ITH
3IU7	3IU7
3IUC	3IUC
3IW4	3IW4
3JDW	3JDW
3JQ7	3JQ7
3JRX	3JRX
3JSI	3JSI
3JSW	3JSW
3JUK	3JUK
3JUQ	3JUQ
3JWR	3JWR
3JZF	3JZF
3JZJ	3JZJ
3K23	3K23
3K3G	3K3G
3K4Q	3K4Q
6HKM	6HKM
6HLX	6HLX
6HLY	6HLY
6HM1	6HM1
6HOY	6HOY
6HP0	6HP0
6HQ3	6HQ3
6HQ4	6HQ4
6HRZ	6HRZ
6HT1	6HT1
6HTC	6HTC
6HTN	6HTN
6HU0	6HU0
6HV0	6HV0
6HZY	6HZY
6I0P	6I0P
6I0X	6I0X
6I11	6I11
6I1R	6I1R
6I5Y	6I5Y
6I8Y	6I8Y
6I9A	6I9A
6IA7	6IA7
6IBK	6IBK
6IBL	6IBL
6IC5	6IC5
6IDZ	6IDZ
6IFT	6IFT
6IIK	6IIK
6IIU	6IIU
6IKM	6IKM
6INM	6INM
6IQL	6IQL
6IRT	6IRT
6ITP	6ITP
6ITQ	6ITQ
6IYV	6IYV
6IZQ	6IZQ
6J0G	6J0G
6J0K	6J0K
6J10	6J10
6J3P	6J3P
6J72	6J72
6NPM	6NPM
6NRF	6NRF
6NSV	6NSV
6NT2	6NT2
6NTB	6NTB
6NVI	6NVI
6NWC	6NWC
6NXZ	6NXZ
6NYW	6NYW
6NZF	6NZF
6NZG	6NZG
6NZK	6NZK
6O0H	6O0H
6O1G	6O1G
6O4X	6O4X
6O57	6O57
6OB0	6OB0
1AXS	1AXS
1AZM	1AZM
1B0H	1B0H
1B11	1B11
1B2I	1B2I
1B42	1B42
1B55	1B55
1B57	1B57
1B6J	1B6J
1B74	1B74
1B8N	1B8N
1BAI	1BAI
1BBZ	1BBZ
1BCJ	1BCJ
1BDQ	1BDQ
1BJI	1BJI
1BKJ	1BKJ
1BM6	1BM6
1BMA	1BMA
1BO5	1BO5
1BP0	1BP0
1BQ3	1BQ3
1BRA	1BRA
1BSK	1BSK
1BT6	1BT6
1BTN	1BTN
1BUG	1BUG
1BUX	1BUX
1PY2	1PY2
1PYW	1PYW
1PZP	1PZP
1Q1G	1Q1G
1Q3D	1Q3D
1Q66	1Q66
1Q9D	1Q9D
1QAQ	1QAQ
1QCA	1QCA
1QFT	1QFT
1QJA	1QJA
1QJI	1QJI
1QK4	1QK4
1QKN	1QKN
1QM4	1QM4
1QNH	1QNH
1QON	1QON
1QSC	1QSC
1QW7	1QW7
1QXW	1QXW
1QYG	1QYG
5IYV	5IYV
5IZ6	5IZ6
5J18	5J18
5J1V	5J1V
5J32	5J32
5J4N	5J4N
5J4V	5J4V
5J5D	5J5D
5J5T	5J5T
5J6A	5J6A
5J74	5J74
5J9Z	5J9Z
5JDC	5JDC
5JF1	5JF1
1N4K	1N4K
1N51	1N51
1N5R	1N5R
1N8U	1N8U
1NDV	1NDV
1NF8	1NF8
1NFS	1NFS
1NGW	1NGW
1NHG	1NHG
1NHX	1NHX
1NJ1	1NJ1
1NJJ	1NJJ
1NKI	1NKI
1NKM	1NKM
1NLP	1NLP
1NOX	1NOX
1NP0	1NP0
1NQ7	1NQ7
1NU3	1NU3
1NW5	1NW5
5YYZ	5YYZ
5YZ2	5YZ2
5YZC	5YZC
5Z1T	5Z1T
5Z4O	5Z4O
5Z5F	5Z5F
5Z66	5Z66
5Z7B	5Z7B
5Z7J	5Z7J
5Z89	5Z89
5ZA2	5ZA2
5ZCU	5ZCU
5ZDG	5ZDG
5ZE6	5ZE6
5ZEF	5ZEF
5ZGG	5ZGG
5ZH2	5ZH2
5ZHN	5ZHN
5ZIA	5ZIA
1BZS	1BZS
1C3E	1C3E
1C3R	1C3R
1C3X	1C3X
1C5C	1C5C
1C5F	1C5F
1C6Y	1C6Y
1CBR	1CBR
1CBX	1CBX
1CEB	1CEB
1CH8	1CH8
1CI7	1CI7
1CLU	1CLU
1CT8	1CT8
1CWB	1CWB
1CYN	1CYN
1CZK	1CZK
1D1P	1D1P
1D2E	1D2E
1D2S	1D2S
1D5R	1D5R
1D6N	1D6N
1D6S	1D6S
1D6V	1D6V
1D7I	1D7I
2W7Y	2W7Y
2W87	2W87
2W8W	2W8W
2W92	2W92
2W97	2W97
2W9H	2W9H
2WEB	2WEB
2WEI	2WEI
2WF5	2WF5
2WFJ	2WFJ
2WGI	2WGI
2WHP	2WHP
1X8D	1X8D
1X8J	1X8J
1X9D	1X9D
1XAP	1XAP
1XFV	1XFV
1XJD	1XJD
1XK9	1XK9
1XKA	1XKA
1XNX	1XNX
1XOG	1XOG
1XON	1XON
1XOS	1XOS
1XOZ	1XOZ
4GKH	4GKH
4GLX	4GLX
4GM8	4GM8
4GNG	4GNG
4GPL	4GPL
4GS9	4GS9
4GSY	4GSY
4GTS	4GTS
4GUE	4GUE
4GUJ	4GUJ
4GWI	4GWI
4GWK	4GWK
4GZ3	4GZ3
4GZT	4GZT
4H4B	4H4B
4H4E	4H4E
4HCZ	4HCZ
5JIC	5JIC
5JJR	5JJR
5JK3	5JK3
5JNN	5JNN
5JOX	5JOX
5JPT	5JPT
5JQ9	5JQ9
5JR6	5JR6
5JRS	5JRS
5JY3	5JY3
5JYO	5JYO
5JZ9	5JZ9
5JZN	5JZN
5K0S	5K0S
4I5M	4I5M
4I67	4I67
6QCJ	6QCJ
6QE5	6QE5
6QGH	6QGH
6QHB	6QHB
6QHG	6QHG
6QI4	6QI4
6QI7	6QI7
6QM7	6QM7
6QR0	6QR0
6QTO	6QTO
6QUW	6QUW
6QW7	6QW7
6QW8	6QW8
6QXA	6QXA
6QYO	6QYO
6QZH	6QZH
6R11	6R11
6R1B	6R1B
6R4K	6R4K
6R7D	6R7D
6R7R	6R7R
1R4W	1R4W
1R5N	1R5N
1R6N	1R6N
1R6Z	1R6Z
1R9L	1R9L
1RBP	1RBP
1RD4	1RD4
1RDI	1RDI
1RDT	1RDT
1RIN	1RIN
1RM8	1RM8
1RO7	1RO7
1RPA	1RPA
1RPJ	1RPJ
1RQ2	1RQ2
1RQL	1RQL
1RRI	1RRI
1RTF	1RTF
1RV1	1RV1
1RYF	1RYF
1RZX	1RZX
1S17	1S17
1S26	1S26
1S3K	1S3K
1S64	1S64
1S9T	1S9T
1SBR	1SBR
1SH9	1SH9
3K5I	3K5I
3K5X	3K5X
3K8C	3K8C
3K8D	3K8D
3K98	3K98
3KB3	3KB3
3KB7	3KB7
3KC3	3KC3
3KD7	3KD7
3KDM	3KDM
3KDU	3KDU
3KHJ	3KHJ
3KID	3KID
3KIV	3KIV
3KJD	3KJD
3KJQ	3KJQ
3KPU	3KPU
3KRD	3KRD
3KYF	3KYF
3KYG	3KYG
3KYQ	3KYQ
3L08	3L08
3L1N	3L1N
3L2Y	3L2Y
3L4U	3L4U
3L5R	3L5R
3L6H	3L6H
3L7C	3L7C
3LCV	3LCV
3LGS	3LGS
3LI2	3LI2
3LKJ	3LKJ
3LKZ	3LKZ
3LLM	3LLM
3LM1	3LM1
3LPG	3LPG
3LPP	3LPP
3LQ8	3LQ8
3LQI	3LQI
3LQJ	3LQJ
3LS4	3LS4
3LUO	3LUO
3LVP	3LVP
3LVW	3LVW
3LZU	3LZU
3LZZ	3LZZ
3M3R	3M3R
3M89	3M89
3M8U	3M8U
4YW7	4YW7
4YXD	4YXD
4YYI	4YYI
4YYN	4YYN
4YZ5	4YZ5
4YZN	4YZN
4Z07	4Z07
4Z0E	4Z0E
4Z2B	4Z2B
4Z5W	4Z5W
4Z7F	4Z7F
4Z7I	4Z7I
4Z88	4Z88
4Z8A	4Z8A
4ZAE	4ZAE
4ZB6	4ZB6
4ZB8	4ZB8
4ZBA	4ZBA
4ZCS	4ZCS
4ZCW	4ZCW
4ZIJ	4ZIJ
4ZJC	4ZJC
4ZKI	4ZKI
4ZLA	4ZLA
4ZMF	4ZMF
4ZOW	4ZOW
5TP0	5TP0
5TPB	5TPB
5TPX	5TPX
5TQS	5TQS
5TUO	5TUO
5TUS	5TUS
5TUY	5TUY
5TV1	5TV1
5TWJ	5TWJ
5TWL	5TWL
5TX5	5TX5
5TYH	5TYH
5TZD	5TZD
5TZO	5TZO
5U0W	5U0W
5U51	5U51
5U5H	5U5H
5U66	5U66
5U6B	5U6B
5U6C	5U6C
6NCO	6NCO
6ND3	6ND3
6NFN	6NFN
6NFZ	6NFZ
6NK0	6NK0
6NLJ	6NLJ
6NM4	6NM4
6NP2	6NP2
6NPE	6NPE
5OFI	5OFI
5OFU	5OFU
5OFX	5OFX
5OGB	5OGB
5OGK	5OGK
5OH1	5OH1
5OHI	5OHI
5OHT	5OHT
5OHY	5OHY
5OKU	5OKU
5OLK	5OLK
5OM3	5OM3
5OM9	5OM9
1G3M	1G3M
1G5F	1G5F
1G6S	1G6S
1G7V	1G7V
1G9B	1G9B
1G9T	1G9T
1GA8	1GA8
1GAF	1GAF
1GAI	1GAI
1GCA	1GCA
1GGD	1GGD
1GNY	1GNY
1GSF	1GSF
1GT3	1GT3
1GU3	1GU3
1GVW	1GVW
1GWM	1GWM
1GWV	1GWV
1GYM	1GYM
1GYY	1GYY
1GZV	1GZV
1H0A	1H0A
1H1B	1H1B
1H1H	1H1H
1H2T	1H2T
1H35	1H35
5D7A	5D7A
5D9P	5D9P
5DD0	5DD0
5DD9	5DD9
5DH3	5DH3
2FR8	2FR8
2FSA	2FSA
2FW3	2FW3
2FWP	2FWP
2FX9	2FX9
2FXV	2FXV
5EY0	5EY0
5EY4	5EY4
5EY8	5EY8
5EY9	5EY9
5F1U	5F1U
5F1V	5F1V
5F27	5F27
5F2K	5F2K
5F4P	5F4P
5F6D	5F6D
5F74	5F74
5F8Y	5F8Y
5F9B	5F9B
5FAH	5FAH
5FB7	5FB7
5FD2	5FD2
5FH7	5FH7
5FI2	5FI2
5FL1	5FL1
5FL4	5FL4
5FOG	5FOG
5FOL	5FOL
5FOO	5FOO
5FOS	5FOS
5FSC	5FSC
5FSY	5FSY
5FUS	5FUS
5FV7	5FV7
5FWA	5FWA
5FWG	5FWG
5FWJ	5FWJ
5FYQ	5FYQ
5G10	5G10
5G1A	5G1A
5G1N	5G1N
5G53	5G53
5G5F	5G5F
5G5V	5G5V
5G5Z	5G5Z
5G60	5G60
5G6U	5G6U
5GGJ	5GGJ
6C0T	6C0T
6C2T	6C2T
6C3U	6C3U
6C4G	6C4G
6C4U	6C4U
6C5F	6C5F
6C85	6C85
6C8C	6C8C
6CWF	6CWF
6CZ3	6CZ3
6CZF	6CZF
6CZI	6CZI
6D19	6D19
6D2O	6D2O
6D3G	6D3G
6D3Q	6D3Q
6D4A	6D4A
6D4Q	6D4Q
6D55	6D55
6D6U	6D6U
6D8V	6D8V
6D9S	6D9S
6DF1	6DF1
6DF2	6DF2
6F90	6F90
6F92	6F92
6F9G	6F9G
6FA5	6FA5
6FAM	6FAM
6FBA	6FBA
6FDU	6FDU
6FER	6FER
6FFE	6FFE
6FFS	6FFS
6FGC	6FGC
6FH3	6FH3
6FHK	6FHK
6FHU	6FHU
6FI1	6FI1
6FI4	6FI4
6FMC	6FMC
6FMP	6FMP
6FNE	6FNE
6FNQ	6FNQ
6FT7	6FT7
6FTF	6FTF
6FU4	6FU4
6FUG	6FUG
6FUL	6FUL
6FV1	6FV1
6FV4	6FV4
6FVN	6FVN
6FX1	6FX1
6FYK	6FYK
6FYV	6FYV
6FYZ	6FYZ
6FZX	6FZX
6G14	6G14
6G28	6G28
6G2B	6G2B
6G2M	6G2M
6G2N	6G2N
6G35	6G35
6G3Y	6G3Y
6G47	6G47
6G5J	6G5J
6G7F	6G7F
6G8N	6G8N
6G98	6G98
6G9I	6G9I
6G9S	6G9S
6G9X	6G9X
6GDG	6GDG
6GDY	6GDY
6GFM	6GFM
6GGB	6GGB
6GGG	6GGG
6GH9	6GH9
6GHP	6GHP
6GHV	6GHV
6GIH	6GIH
6GIN	6GIN
6GIU	6GIU
6GJ5	6GJ5
6GJW	6GJW
6GL3	6GL3
6GL8	6GL8
6GOO	6GOO
6GOP	6GOP
6GQM	6GQM
6GU7	6GU7
6GVZ	6GVZ
6GW4	6GW4
6GWR	6GWR
1OLU	1OLU
1ONG	1ONG
1ORK	1ORK
1OS0	1OS0
1OSS	1OSS
1OTH	1OTH
1P19	1P19
1P28	1P28
1P57	1P57
1P6E	1P6E
1P7M	1P7M
1PA9	1PA9
1PAU	1PAU
1PBK	1PBK
4L70	4L70
4LBP	4LBP
4LED	4LED
4LH3	4LH3
4LH7	4LH7
4LHV	4LHV
4LI0	4LI0
4LI8	4LI8
4LIL	4LIL
4LJ5	4LJ5
4LM5	4LM5
4WUY	4WUY
4WVL	4WVL
4WVT	4WVT
4WYP	4WYP
4X0U	4X0U
4X11	4X11
4X1F	4X1F
4X3U	4X3U
4X47	4X47
4X61	4X61
4X68	4X68
4X69	4X69
4X7O	4X7O
4X7Q	4X7Q
4X8N	4X8N
4XAQ	4XAQ
4XBO	4XBO
4XCB	4XCB
4XDO	4XDO
4XG8	4XG8
1UZ4	1UZ4
1UZ8	1UZ8
1V0M	1V0M
1V0P	1V0P
1V1J	1V1J
1V48	1V48
1VEA	1VEA
1VJB	1VJB
1VKJ	1VKJ
1VSO	1VSO
1VYG	1VYG
1W0Y	1W0Y
1W1G	1W1G
1IMX	1IMX
1IND	1IND
1ING	1ING
1IUP	1IUP
1IYL	1IYL
1J14	1J14
1J36	1J36
1J4K	1J4K
1J4Q	1J4Q
1JCX	1JCX
1JD0	1JD0
1JFH	1JFH
1JGL	1JGL
1JIF	1JIF
1JII	1JII
1JIZ	1JIZ
1JJE	1JJE
1JJK	1JJK
1JLX	1JLX
1JM4	1JM4
1JN2	1JN2
1JOC	1JOC
1JOJ	1JOJ
1JR1	1JR1
3VV7	3VV7
3VV7	3RTH
3VV7	3UQP
3VV7	2FDP
3VVA	3VVA
3VW0	3VW0
3VW7	3VW7
3VWS	3VWS
3VX3	3VX3
3VZG	3VZG
3W0L	3W0L
3W37	3W37
3W5N	3W5N
3W9K	3W9K
3W9R	3W9R
3WCG	3WCG
3WDC	3WDC
3WF6	3WF6
3WGG	3WGG
3WGW	3WGW
3WK5	3WK5
3WMC	3WMC
3WQ6	3WQ6
3WQW	3WQW
3WZU	3WZU
3ZBF	3ZBF
3ZCZ	3ZCZ
3ZH8	3ZH8
3ZHA	3ZHA
3ZJ6	3ZJ6
3ZJ8	3ZJ8
3ZJC	3ZJC
3ZK6	3ZK6
3ZKI	3ZKI
3ZLQ	3ZLQ
3ZMI	3ZMI
3ZMP	3ZMP
3ZNC	3ZNC
3ZNS	3ZNS
3ZO1	3ZO1
3ZPR	3ZPR
3ZQE	3ZQE
3ZRK	3ZRK
3ZUK	3ZUK
3ZXE	3ZXE
3ZY2	3ZY2
3ZYF	3ZYF
3ZYR	3ZYR
3ZZF	3ZZF
456C	456C
4A0J	4A0J
4A1W	4A1W
4A22	4A22
4A4C	4A4C
4A4F	4A4F
4A4G	4A4G
4A6V	4A6V
4AA7	4AA7
4ABK	4ABK
4AC3	4AC3
4ACI	4ACI
4AF3	4AF3
4AIA	4AIA
4ALG	4ALG
4AML	4AML
4AOC	4AOC
4APP	4APP
4APR	4APR
4AQ4	4AQ4
4AQH	4AQH
4ARO	4ARO
4ARW	4ARW
4ASJ	4ASJ
4ASK	4ASK
4AT3	4AT3
4AU7	4AU7
4AU8	4AU8
4AWQ	4AWQ
4AXD	4AXD
3M93	3M93
3MEA	3MEA
3MEU	3MEU
3MG8	3MG8
3MKN	3MKN
4LNG	4LNG
4LNW	4LNW
4LPS	4LPS
4LQY	4LQY
4LRH	4LRH
4LSJ	4LSJ
4LY9	4LY9
4M3M	4M3M
4M3P	4M3P
4M48	4M48
4M5N	4M5N
4M7J	4M7J
4M8X	4M8X
4MB9	4MB9
1EXW	1EXW
1EZF	1EZF
1F1J	1F1J
1F4F	1F4F
1F4X	1F4X
1F73	1F73
1F8A	1F8A
1FAO	1FAO
1FCY	1FCY
1FE3	1FE3
1FH7	1FH7
1FIG	1FIG
1FL3	1FL3
1FL6	1FL6
1FLM	1FLM
1FPI	1FPI
1FQ4	1FQ4
1FT4	1FT4
1FT7	1FT7
1FTK	1FTK
1FV0	1FV0
1FWE	1FWE
1FWV	1FWV
1FZQ	1FZQ
3QQA	3QQA
3QT7	3QT7
3QUP	3QUP
3QVV	3QVV
3QX8	3QX8
5L2I	5L2I
5L2N	5L2N
5L2O	5L2O
5L2W	5L2W
5L6J	5L6J
5L6O	5L6O
5L7K	5L7K
5L8A	5L8A
5L8O	5L8O
5L9I	5L9I
5LDP	5LDP
5LGN	5LGN
5LGP	5LGP
5LM4	5LM4
5LOH	5LOH
5LOM	5LOM
5LP6	5LP6
5LQF	5LQF
5LS6	5LS6
5LSC	5LSC
5LSH	5LSH
5LSY	5LSY
5LUB	5LUB
5LVR	5LVR
5LVX	5LVX
5LWE	5LWE
5LX6	5LX6
5LXC	5LXC
5LY1	5LY1
5LZH	5LZH
5M04	5M04
5M1Z	5M1Z
5M4K	5M4K
5M5Q	5M5Q
5M63	5M63
5MAT	5MAT
5MAY	5MAY
5MEH	5MEH
5MEK	5MEK
5MEV	5MEV
5MGJ	5MGJ
5MIM	5MIM
5MJA	5MJA
5MKA	5MKA
5MOB	5MOB
5MQX	5MQX
5MRA	5MRA
5MRH	5MRH
5MTE	5MTE
5MW6	5MW6
5MWA	5MWA
5MYD	5MYD
5MYK	5MYK
5MYV	5MYV
5MYX	5MYX
5MZ8	5MZ8
5MZG	5MZG
5N0F	5N0F
5N17	5N17
5N18	5N18
5N2D	5N2D
5N49	5N49
5N53	5N53
5N69	5N69
5N7G	5N7G
5NBW	5NBW
5NDB	5NDB
5NDD	5NDD
5NE3	5NE3
5NGZ	5NGZ
5NIY	5NIY
5NKK	5NKK
5NKN	5NKN
5NN4	5NN4
5NR7	5NR7
5NRF	5NRF
5NW7	5NW7
5NWE	5NWE
5NWH	5NWH
5NX2	5NX2
5NYZ	5NYZ
5NZM	5NZM
5O0A	5O0A
5O0J	5O0J
5O0S	5O0S
5O1S	5O1S
5O22	5O22
5O2D	5O2D
5O3R	5O3R
5O4Y	5O4Y
5O55	5O55
5O7E	5O7E
5O9H	5O9H
5O9P	5O9P
5OAE	5OAE
5OBG	5OBG
5OCJ	5OCJ
5OD1	5OD1
5ODU	5ODU
5T1I	5T1I
5T2T	5T2T
5T35	5T35
5T54	5T54
5T5G	5T5G
5T68	5T68
5T6G	5T6G
5T7S	5T7S
5T8P	5T8P
5T92	5T92
5TBM	5TBM
5TBN	5TBN
5TCI	5TCI
5TCJ	5TCJ
5TD2	5TD2
5TDB	5TDB
5TDW	5TDW
5TIG	5TIG
5TJX	5TJX
5TKD	5TKD
5TMN	5TMN
5TOB	5TOB
2G2R	2G2R
2G5U	2G5U
2G6Q	2G6Q
2G72	2G72
2GBF	2GBF
2GCD	2GCD
2GEK	2GEK
2GFA	2GFA
2GFD	2GFD
2GGA	2GGA
2GH9	2GH9
2GL0	2GL0
2GMK	2GMK
2GQN	2GQN
2GSU	2GSU
2GTV	2GTV
2GVF	2GVF
2GVJ	2GVJ
2GVV	2GVV
2GYI	2GYI
2GZ7	2GZ7
2H02	2H02
1WCQ	1WCQ
1WDR	1WDR
1WDY	1WDY
1WE2	1WE2
1WHT	1WHT
1WM1	1WM1
1WOK	1WOK
1WS1	1WS1
1WUR	1WUR
1WVC	1WVC
1X6U	1X6U
1X7A	1X7A
5ZU0	5ZU0
5ZXI	5ZXI
5ZXK	5ZXK
6A04	6A04
6A73	6A73
6A87	6A87
6A8G	6A8G
6A94	6A94
6A9O	6A9O
6AAH	6AAH
6AAN	6AAN
6ABX	6ABX
6AEH	6AEH
6AF9	6AF9
6AGG	6AGG
6AHS	6AHS
6AI9	6AI9
6AJI	6AJI
6AOX	6AOX
6AP7	6AP7
6AQQ	6AQQ
6AQS	6AQS
6AR2	6AR2
6ARY	6ARY
6ASZ	6ASZ
6ATV	6ATV
6AX1	6AX1
6AXJ	6AXJ
6AXK	6AXK
6AXL	6AXL
6AYH	6AYH
6AYI	6AYI
6AYQ	6AYQ
6B22	6B22
6B2P	6B2P
6B2Q	6B2Q
6B3V	6B3V
6B4H	6B4H
6B5I	6B5I
6B5J	6B5J
6B5Q	6B5Q
6B67	6B67
6B7B	6B7B
6B7F	6B7F
3I6C	3I6C
3I73	3I73
3I7C	3I7C
3I8T	3I8T
3I90	3I90
3I91	3I91
3I9G	3I9G
3IEJ	3IEJ
3IJY	3IJY
3IL6	3IL6
3IMY	3IMY
3INY	3INY
5OP6	5OP6
5OP8	5OP8
5ORG	5ORG
5ORJ	5ORJ
5OSS	5OSS
5OT8	5OT8
5OUH	5OUH
5OUI	5OUI
5OVH	5OVH
5OW1	5OW1
5OWC	5OWC
5OWT	5OWT
5OXG	5OXG
5OYD	5OYD
5PZM	5PZM
5Q0L	5Q0L
5VLP	5VLP
5VM0	5VM0
5VM6	5VM6
5VQE	5VQE
5VR8	5VR8
5VS6	5VS6
5VSD	5VSD
5VSE	5VSE
5VSJ	5VSJ
5W10	5W10
5W19	5W19
5W1E	5W1E
5W38	5W38
5W4V	5W4V
5W5K	5W5K
5W5S	5W5S
5W5U	5W5U
5W5V	5W5V
5W6R	5W6R
5W8I	5W8I
5W99	5W99
5WAL	5WAL
5WB3	5WB3
5WBF	5WBF
5WBM	5WBM
5WCL	5WCL
5WCM	5WCM
5WDL	5WDL
2BMK	2BMK
2BMZ	2BMZ
2BO4	2BO4
2BOI	2BOI
2BOW	2BOW
2BR6	2BR6
2BRP	2BRP
2BUB	2BUB
2BUV	2BUV
2BV4	2BV4
2BVD	2BVD
2BVE	2BVE
2BW7	2BW7
2BYS	2BYS
2C0O	2C0O
2C1N	2C1N
2C1P	2C1P
2C1Q	2C1Q
2C4V	2C4V
2C6C	2C6C
2C94	2C94
2C9T	2C9T
2CBJ	2CBJ
2CBR	2CBR
2CBZ	2CBZ
2CCB	2CCB
3U90	3U90
3U92	3U92
3UAT	3UAT
3UBX	3UBX
3UCJ	3UCJ
3UD8	3UD8
3UED	3UED
3UEO	3UEO
3UIB	3UIB
3UJ9	3UJ9
3UKR	3UKR
3ULI	3ULI
3UNN	3UNN
3UO9	3UO9
3UPK	3UPK
3UPY	3UPY
3UR0	3UR0
3P8O	3P8O
3P8Z	3P8Z
3P9H	3P9H
3P9T	3P9T
3PA8	3PA8
3PB9	3PB9
3PDC	3PDC
3PGL	3PGL
3PGU	3PGU
3PJG	3PJG
3PJT	3PJT
3PM1	3PM1
3PN3	3PN3
3POA	3POA
3PPO	3PPO
3PQZ	3PQZ
3PTY	3PTY
3PVU	3PVU
3PWK	3PWK
3Q2G	3Q2G
3Q2J	3Q2J
3Q6K	3Q6K
3Q6Z	3Q6Z
3Q72	3Q72
3Q77	3Q77
3Q7J	3Q7J
3QCH	3QCH
3QEL	3QEL
3QFZ	3QFZ
3QKK	3QKK
3QLM	3QLM
3QMK	3QMK
3QO3	3QO3
4IVK	4IVK
4J3E	4J3E
4J3U	4J3U
4J4V	4J4V
4J51	4J51
4J5P	4J5P
4J8G	4J8G
4J9A	4J9A
4JAL	4JAL
4JBS	4JBS
4JDA	4JDA
4JDF	4JDF
4JE7	4JE7
4JGV	4JGV
4JIB	4JIB
4JIT	4JIT
4JIZ	4JIZ
4JJM	4JJM
4JLG	4JLG
4JLS	4JLS
4JMG	4JMG
4JMH	4JMH
4JMX	4JMX
4JN2	4JN2
4JNE	4JNE
4JNJ	4JNJ
4JR0	4JR0
4JVI	4JVI
4JX9	4JX9
4JYC	4JYC
4JYM	4JYM
4K0O	4K0O
4K10	4K10
4K3H	4K3H
4K3P	4K3P
4K55	4K55
4K5Y	4K5Y
4K63	4K63
4K69	4K69
4RGD	4RGD
4RHY	4RHY
4RLU	4RLU
4RPN	4RPN
4RQV	4RQV
4RRA	4RRA
4RRG	4RRG
4RRR	4RRR
4RS0	4RS0
4RSC	4RSC
4RT1	4RT1
4RXA	4RXA
4S3F	4S3F
4SGA	4SGA
4TMK	4TMK
4TO8	4TO8
4TPK	4TPK
4TPM	4TPM
4UFZ	4UFZ
4UIL	4UIL
4UM3	4UM3
4UMB	4UMB
4UMJ	4UMJ
4UNP	4UNP
4UOF	4UOF
4UOH	4UOH
4UP5	4UP5
4URL	4URL
3UU1	3UU1
3UUG	3UUG
3UW4	3UW4
3UW5	3UW5
3UW9	3UW9
3UWL	3UWL
3UWO	3UWO
3UXD	3UXD
3V04	3V04
3V1R	3V1R
3V2Q	3V2Q
3V2W	3V2W
3V31	3V31
3V3L	3V3L
3V49	3V49
3V4J	3V4J
3V4X	3V4X
3V5Q	3V5Q
3V6R	3V6R
3V78	3V78
3V7C	3V7C
3V7T	3V7T
3V8T	3V8T
3VFQ	3VFQ
3VP2	3VP2
6EPA	6EPA
6EPZ	6EPZ
6ER3	6ER3
6ETJ	6ETJ
6ETS	6ETS
6EU6	6EU6
6EUV	6EUV
6EUW	6EUW
6EV0	6EV0
6EVQ	6EVQ
6EX0	6EX0
6EXI	6EXI
6EXJ	6EXJ
6EY7	6EY7
6EYT	6EYT
6F05	6F05
6F1J	6F1J
6F4N	6F4N
6F4X	6F4X
6F5W	6F5W
6F6R	6F6R
6F7B	6F7B
6F7Q	6F7Q
1DB1	1DB1
1DB4	1DB4
1DBB	1DBB
1DET	1DET
1DG9	1DG9
1DGM	1DGM
1DL7	1DL7
1DMT	1DMT
6PHR	6PHR
6PHX	6PHX
6PIC	6PIC
6PII	6PII
6PLF	6PLF
6PM9	6PM9
6PRG	6PRG
6PS6	6PS6
6PT3	6PT3
6PXC	6PXC
6PY0	6PY0
6PYC	6PYC
6PYD	6PYD
6Q36	6Q36
6Q5B	6Q5B
6Q8C	6Q8C
6QAS	6QAS
6QAT	6QAT
6QAV	6QAV
1Z9H	1Z9H
1ZC9	1ZC9
1ZEA	1ZEA
1ZHY	1ZHY
1ZOG	1ZOG
1ZSH	1ZSH
1ZXV	1ZXV
1ZZ1	1ZZ1
2A14	2A14
2A2G	2A2G
2A3X	2A3X
2A58	2A58
2A5U	2A5U
2A8G	2A8G
2AAC	2AAC
2AD5	2AD5
2AEL	2AEL
2AEZ	2AEZ
2AFW	2AFW
2AJ8	2AJ8
5SVX	5SVX
5SXK	5SXK
5SYM	5SYM
5SYN	5SYN
5T1A	5T1A
4B9H	4B9H
4B9K	4B9K
4BB2	4BB2
4BC5	4BC5
4BCS	4BCS
4BD3	4BD3
4BDT	4BDT
4BFR	4BFR
4BFZ	4BFZ
4BGM	4BGM
4BGY	4BGY
4C68	4C68
4C6Z	4C6Z
4C94	4C94
4C9X	4C9X
4CA4	4CA4
4CA6	4CA6
4CC6	4CC6
4CCD	4CCD
4CD1	4CD1
4CD5	4CD5
4CD8	4CD8
4CFT	4CFT
4CFX	4CFX
4CG9	4CG9
4CI2	4CI2
4CIX	4CIX
4CKU	4CKU
4CL6	4CL6
4CP5	4CP5
4CPZ	4CPZ
4CQE	4CQE
4CR9	4CR9
4CRD	4CRD
4CS9	4CS9
4CSD	4CSD
4CSS	4CSS
4CSY	4CSY
4CTS	4CTS
4CU8	4CU8
4CXY	4CXY
4D1A	4D1A
4D1J	4D1J
4D1Y	4D1Y
4D2S	4D2S
4D2V	4D2V
4D52	4D52
4D63	4D63
4D8I	4D8I
4DCD	4DCD
4DCV	4DCV
4DE7	4DE7
4DEL	4DEL
4DFF	4DFF
4DFU	4DFU
4DFW	4DFW
4DKO	4DKO
4DMN	4DMN
4DMW	4DMW
4DO5	4DO5
4DPT	4DPT
4DR9	4DR9
4DT2	4DT2
4DVE	4DVE
4DXG	4DXG
4E0X	4E0X
4E20	4E20
4E5D	4E5D
4E70	4E70
4E8W	4E8W
4E93	4E93
4EA3	4EA3
4EB9	4EB9
4EDU	4EDU
4EEJ	4EEJ
4EMF	4EMF
4EMT	4EMT
4EO4	4EO4
4EOH	4EOH
4ERE	4ERE
4K7O	4K7O
4K8A	4K8A
4KAX	4KAX
4KBY	4KBY
4KCX	4KCX
4KEQ	4KEQ
4KIF	4KIF
4KLV	4KLV
4KN0	4KN0
4KNE	4KNE
4KOM	4KOM
4KP4	4KP4
4KQQ	4KQQ
4KV9	4KV9
4KX8	4KX8
4KXN	4KXN
4L1U	4L1U
4L51	4L51
4L58	4L58
4L5J	4L5J
1W1P	1W1P
1W1V	1W1V
1W25	1W25
1W6J	1W6J
1W76	1W76
1W96	1W96
1W9U	1W9U
3FTQ	3FTQ
3FWV	3FWV
3FX6	3FX6
3FXB	3FXB
3FXW	3FXW
3FYK	3FYK
3G08	3G08
3G0I	3G0I
3G2I	3G2I
3G2V	3G2V
3G35	3G35
3G3N	3G3N
3G3R	3G3R
3G4F	3G4F
3G5K	3G5K
3G6M	3G6M
3G7L	3G7L
3STJ	3STJ
3SUR	3SUR
3SV6	3SV6
3SVJ	3SVJ
3SW2	3SW2
3SZB	3SZB
3T01	3T01
3T07	3T07
3T0W	3T0W
3T0X	3T0X
3T2W	3T2W
3T3C	3T3C
3T4H	3T4H
3T4N	3T4N
3T70	3T70
3T8S	3T8S
3TA1	3TA1
3TAO	3TAO
3TAY	3TAY
3TB6	3TB6
3TD4	3TD4
3TDC	3TDC
3TF6	3TF6
3TFU	3TFU
3TH0	3TH0
3THD	3THD
3TI8	3TI8
3TIF	3TIF
3TJM	3TJM
3TKM	3TKM
3TKU	3TKU
3TKW	3TKW
5IU2	5IU2
5IU6	5IU6
5IV4	5IV4
5IVN	5IVN
5IX0	5IX0
5IX1	5IX1
5XHS	5XHS
5XII	5XII
5XJM	5XJM
5XOF	5XOF
5XPI	5XPI
5XV7	5XV7
5XVK	5XVK
5XYZ	5XYZ
5Y20	5Y20
5Y3O	5Y3O
5Y62	5Y62
5Y6F	5Y6F
5Y6G	5Y6G
5Y6K	5Y6K
5Y7W	5Y7W
5Y80	5Y80
5Y86	5Y86
5Y97	5Y97
5YAS	5YAS
5YBI	5YBI
5YC4	5YC4
5YE8	5YE8
5YF1	5YF1
5YFT	5YFT
5YHE	5YHE
5YJY	5YJY
5YKP	5YKP
5YLU	5YLU
5YMX	5YMX
5YOF	5YOF
5YQW	5YQW
5YUN	5YUN
5YVE	5YVE
5YVT	5YVT
5YVX	5YVX
5YWY	5YWY
5YY4	5YY4
5YYB	5YYB
5K13	5K13
5K51	5K51
5K5C	5K5C
5K7H	5K7H
5K8O	5K8O
5K8S	5K8S
5KAU	5KAU
5KAX	5KAX
5KBF	5KBF
6OCW	6OCW
6OH2	6OH2
6OHT	6OHT
6OI8	6OI8
6OIN	6OIN
6OKO	6OKO
6OM4	6OM4
6OM8	6OM8
6OOY	6OOY
6ORR	6ORR
6OUV	6OUV
6OVZ	6OVZ
6OX0	6OX0
6OYT	6OYT
6OYZ	6OYZ
6P3U	6P3U
6P3V	6P3V
6P83	6P83
6PF5	6PF5
6PFJ	6PFJ
2N7B	2N7B
2NND	2NND
2NSL	2NSL
2NTF	2NTF
2NWW	2NWW
2NYR	2NYR
2O1C	2O1C
2O3Z	2O3Z
2O4H	2O4H
2O7V	2O7V
2O9A	2O9A
2O9I	2O9I
2O9R	2O9R
2OA0	2OA0
2OC9	2OC9
2OFV	2OFV
2OGY	2OGY
2OHV	2OHV
2OI0	2OI0
2OI2	2OI2
2OI3	2OI3
3HWW	3HWW
3HX3	3HX3
3HXI	3HXI
3HYF	3HYF
3I4A	3I4A
3I51	3I51
2JKP	2JKP
2JKR	2JKR
2JQL	2JQL
2JSD	2JSD
2JST	2JST
2K0X	2K0X
2K31	2K31
2K46	2K46
2K4I	2K4I
2K62	2K62
2KAW	2KAW
2KDH	2KDH
2KFX	2KFX
2KO7	2KO7
2KP8	2KP8
2KVM	2KVM
2KWN	2KWN
2L0I	2L0I
2L3R	2L3R
2L6E	2L6E
2L75	2L75
2L8R	2L8R
2LBM	2LBM
2LBV	2LBV
2LH8	2LH8
2LIQ	2LIQ
2LKK	2LKK
2LKO	2LKO
2LNW	2LNW
2LTO	2LTO
2LY0	2LY0
2LYA	2LYA
2M0O	2M0O
2M3M	2M3M
2M3Z	2M3Z
2MC1	2MC1
2MG5	2MG5
2MIP	2MIP
2MJI	2MJI
2MLM	2MLM
2MOV	2MOV
2MPA	2MPA
2MWP	2MWP
2PIZ	2PIZ
5DHQ	5DHQ
5DJ5	5DJ5
5DL1	5DL1
5DNU	5DNU
5DOH	5DOH
5DPX	5DPX
5DQE	5DQE
5DTT	5DTT
5DU8	5DU8
5DUS	5DUS
5DUW	5DUW
5DV2	5DV2
2H1H	2H1H
2H2D	2H2D
2H2J	2H2J
2H5A	2H5A
2H5E	2H5E
2H6T	2H6T
2HAH	2HAH
2HAW	2HAW
2HDX	2HDX
2HF8	2HF8
2HJ4	2HJ4
2HK5	2HK5
2HMH	2HMH
2HNX	2HNX
2HPA	2HPA
2HW2	2HW2
2HWG	2HWG
2HXM	2HXM
2HZL	2HZL
2HZY	2HZY
2I0E	2I0E
2I19	2I19
2I2B	2I2B
4ZRO	4ZRO
4ZS9	4ZS9
4ZUM	4ZUM
4ZVI	4ZVI
4ZYR	4ZYR
4ZZD	4ZZD
4ZZZ	4ZZZ
5A0E	5A0E
5A1F	5A1F
5A2S	5A2S
5A3U	5A3U
5A5V	5A5V
5A5Z	5A5Z
5A69	5A69
5A6N	5A6N
5A7J	5A7J
5A7Y	5A7Y
5A83	5A83
5ACB	5ACB
5ACX	5ACX
5AES	5AES
5AFJ	5AFJ
5AFL	5AFL
5AGV	5AGV
5AH2	5AH2
5AHJ	5AHJ
5AHW	5AHW
5AI0	5AI0
5AI1	5AI1
5AIP	5AIP
5AJV	5AJV
5AK2	5AK2
5ALC	5ALC
5ANV	5ANV
5AQV	5AQV
5AR8	5AR8
5AVF	5AVF
5AXI	5AXI
5AYY	5AYY
5B25	5B25
5B4W	5B4W
5BNR	5BNR
5BPE	5BPE
5BQS	5BQS
5BTR	5BTR
5BTV	5BTV
5BTX	5BTX
5BV3	5BV3
5BVW	5BVW
5BW4	5BW4
5C11	5C11
5C13	5C13
5C1M	5C1M
5C2O	5C2O
5C3P	5C3P
5C4L	5C4L
5C5H	5C5H
5C5T	5C5T
5C6O	5C6O
5C6P	5C6P
5C91	5C91
5CDH	5CDH
5CEO	5CEO
5CFB	5CFB
1DQN	1DQN
1DRJ	1DRJ
1DRV	1DRV
1DUD	1DUD
1DVA	1DVA
1DZM	1DZM
1DZP	1DZP
1E03	1E03
1E2L	1E2L
1E5J	1E5J
1E6S	1E6S
1EC9	1EC9
1EEF	1EEF
1EFY	1EFY
1EK2	1EK2
1EKB	1EKB
1ELS	1ELS
1ETZ	1ETZ
1EVE	1EVE
1EW9	1EW9
1EWJ	1EWJ
1EXV	1EXV
3E9I	3E9I
3EBL	3EBL
3ECN	3ECN
3EEB	3EEB
3EFK	3EFK
3EFR	3EFR
3EHN	3EHN
3EKA	3EKA
3EKS	3EKS
3ELM	3ELM
3EML	3EML
3EOV	3EOV
3EQB	3EQB
3EQR	3EQR
3ERN	3ERN
3ESS	3ESS
3EVC	3EVC
3EW2	3EW2
3EWC	3EWC
3EYF	3EYF
3EYS	3EYS
3F0R	3F0R
3F3C	3F3C
3F5J	3F5J
3F6E	3F6E
3F70	3F70
3F7G	3F7G
3F7U	3F7U
3F80	3F80
3F81	3F81
3F9Y	3F9Y
3FA3	3FA3
3FAL	3FAL
3FAT	3FAT
3FBR	3FBR
3FDT	3FDT
3FEA	3FEA
3FEE	3FEE
3FEG	3FEG
3FEI	3FEI
3FFU	3FFU
3FGC	3FGC
3FJG	3FJG
3FL9	3FL9
3FMR	3FMR
3FNM	3FNM
3FNU	3FNU
3FQ7	3FQ7
3FRG	3FRG
5KBI	5KBI
5KDE	5KDE
5KDF	5KDF
5KEW	5KEW
5KGN	5KGN
5KH7	5KH7
5KHD	5KHD
5KHH	5KHH
5KJ2	5KJ2
5KK8	5KK8
5KKR	5KKR
5KLP	5KLP
5KLS	5KLS
5KM9	5KM9
5KNJ	5KNJ
5KO5	5KO5
5KOQ	5KOQ
5KQL	5KQL
5KR2	5KR2
5KRE	5KRE
5KV9	5KV9
5KVA	5KVA
5KW2	5KW2
5KXC	5KXC
5KXI	5KXI
5KYA	5KYA
5L0H	5L0H
5L13	5L13
5L17	5L17
6B98	6B98
6BBX	6BBX
6BEB	6BEB
3QXM	3QXM
3QXV	3QXV
3R0I	3R0I
3R1V	3R1V
3R5J	3R5J
3R5T	3R5T
3R6U	3R6U
3R93	3R93
3RCD	3RCD
3RDE	3RDE
3RDO	3RDO
3RE4	3RE4
3RF5	3RF5
3RI1	3RI1
3RL4	3RL4
3RSB	3RSB
3RTI	3RTI
3RTX	3RTX
3RV9	3RV9
3RW9	3RW9
3RX5	3RX5
3RY8	3RY8
3RZ3	3RZ3
3S0B	3S0B
1H46	1H46
1H60	1H60
1H6H	1H6H
1H7A	1H7A
1H8L	1H8L
1H9Z	1H9Z
1HFS	1HFS
1HGE	1HGE
1HI3	1HI3
1HIM	1HIM
1HLK	1HLK
1HP5	1HP5
1HQF	1HQF
1HS6	1HS6
1HTI	1HTI
1HV5	1HV5
1I33	1I33
1I72	1I72
1I7M	1I7M
1I7Z	1I7Z
4B4Q	4B4Q
4B5D	4B5D
4B6C	4B6C
4B6R	4B6R
4B6U	4B6U
4B73	4B73
4B8Y	4B8Y
4AZ0	4AZ0
4AZ3	4AZ3
4AZ5	4AZ5
4AZ6	4AZ6
4AZG	4AZG
4AZP	4AZP
4AZT	4AZT
4EU3	4EU3
4EUO	4EUO
4EUV	4EUV
4EW3	4EW3
4EWN	4EWN
4EYM	4EYM
4F0C	4F0C
4F1L	4F1L
4F39	4F39
4F49	4F49
4F7J	4F7J
4F8J	4F8J
4F9U	4F9U
4FAB	4FAB
4FAI	4FAI
4FAK	4FAK
4FE9	4FE9
4FEM	4FEM
4FF8	4FF8
4FHH	4FHH
4FHT	4FHT
4FK7	4FK7
4FKK	4FKK
4FLP	4FLP
4FN5	4FN5
4FNY	4FNY
4FUT	4FUT
4FVQ	4FVQ
4FXP	4FXP
4FXQ	4FXQ
4FXY	4FXY
4G0L	4G0L
4G0P	4G0P
4G16	4G16
4G19	4G19
4G2F	4G2F
4G2R	4G2R
4G2W	4G2W
4G55	4G55
4G68	4G68
4G8O	4G8O
4G93	4G93
4GAO	4GAO
4GBD	4GBD
4GBZ	4GBZ
4GE1	4GE1
4GE5	4GE5
4GE9	4GE9
4GFD	4GFD
4GGZ	4GGZ
4GHT	4GHT
5HES	5HES
5HFJ	5HFJ
5HG1	5HG1
5HGC	5HGC
5HGQ	5HGQ
5HI7	5HI7
5HIS	5HIS
5HJC	5HJC
5HJD	5HJD
5HJQ	5HJQ
5HK2	5HK2
5HKB	5HKB
5HLD	5HLD
5HN8	5HN8
5HOR	5HOR
5HTL	5HTL
5HWU	5HWU
5HWV	5HWV
5HX6	5HX6
5HZ5	5HZ5
5HZ9	5HZ9
5HZX	5HZX
5I24	5I24
5I29	5I29
5I58	5I58
5I5X	5I5X
5I8G	5I8G
5IA0	5IA0
5ID1	5ID1
5IEG	5IEG
5IEN	5IEN
5IEO	5IEO
5IER	5IER
5IFU	5IFU
5IJ7	5IJ7
5IJJ	5IJJ
5IJP	5IJP
5IKB	5IKB
5IL1	5IL1
5IOK	5IOK
5IRR	5IRR
5ITD	5ITD
3MOF	3MOF
3MP6	3MP6
3MSS	3MSS
3MTW	3MTW
3MUF	3MUF
3MWE	3MWE
3N1C	3N1C
3N7R	3N7R
3N7S	3N7S
3NBA	3NBA
3NCG	3NCG
3NCR	3NCR
3NEF	3NEF
3NG4	3NG4
3NHT	3NHT
3NJQ	3NJQ
3NM6	3NM6
3NOK	3NOK
3NQ3	3NQ3
3NRZ	3NRZ
3NS7	3NS7
3NSQ	3NSQ
3NYD	3NYD
3NZC	3NZC
3NZX	3NZX
3O0G	3O0G
3O5N	3O5N
3O5X	3O5X
3O6T	3O6T
3O75	3O75
3O84	3O84
3O96	3O96
3O9P	3O9P
3OB0	3OB0
3OCT	3OCT
3OCZ	3OCZ
3OD0	3OD0
3OE9	3OE9
3OEV	3OEV
3OGM	3OGM
3OKP	3OKP
3OMG	3OMG
3OQ5	3OQ5
3OUI	3OUI
3OV1	3OV1
3OY8	3OY8
3OYL	3OYL
3OZG	3OZG
3OZJ	3OZJ
3P0G	3P0G
3P2E	3P2E
3P2H	3P2H
3P3G	3P3G
3P4W	3P4W
3P76	3P76
3P7I	3P7I
6J7L	6J7L
6J81	6J81
6JAM	6JAM
6JAV	6JAV
2CEO	2CEO
2CER	2CER
2CGR	2CGR
2CIA	2CIA
2CLF	2CLF
2CSN	2CSN
2CVD	2CVD
2D0K	2D0K
2DOO	2DOO
2DQ7	2DQ7
2DRC	2DRC
2DUA	2DUA
2DW7	2DW7
2E27	2E27
2E2P	2E2P
2E9V	2E9V
2EG8	2EG8
2EPN	2EPN
2EUK	2EUK
2EW6	2EW6
2EXG	2EXG
2F10	2F10
2F2C	2F2C
2F3R	2F3R
2F5T	2F5T
2F6J	2F6J
2F9B	2F9B
2F9U	2F9U
2FAH	2FAH
2FDD	2FDD
2FF1	2FF1
2FGH	2FGH
2FGI	2FGI
2FJ0	2FJ0
2FL5	2FL5
2FLH	2FLH
2FMB	2FMB
2FQT	2FQT
2FQW	2FQW
3CD7	3CD7
3CGY	3CGY
3CJF	3CJF
3CK7	3CK7
3CKE	3CKE
3CL2	3CL2
3CLP	3CLP
3CPH	3CPH
3CPJ	3CPJ
3CTR	3CTR
3CYZ	3CYZ
3D0E	3D0E
3D45	3D45
3D4Y	3D4Y
3D67	3D67
3D7K	3D7K
3D7M	3D7M
3D94	3D94
3D9N	3D9N
3DBA	3DBA
3DBD	3DBD
3DDU	3DDU
3DGA	3DGA
3DGN	3DGN
3DJO	3DJO
3DOW	3DOW
3DOY	3DOY
3DP4	3DP4
3DP9	3DP9
3DPK	3DPK
3DTC	3DTC
3DWB	3DWB
3DZT	3DZT
3E0P	3E0P
3E0Q	3E0Q
3E2M	3E2M
3E3B	3E3B
3E3C	3E3C
3E3U	3E3U
3E5U	3E5U
3E73	3E73
3E7A	3E7A
3E7O	3E7O
3E81	3E81
3E85	3E85
4BI6	4BI6
4BJ8	4BJ8
4BJC	4BJC
4BNX	4BNX
4BQH	4BQH
4BS0	4BS0
4BS5	4BS5
4BT3	4BT3
4BTK	4BTK
4BTY	4BTY
4C0R	4C0R
4C1M	4C1M
4C1U	4C1U
4C1W	4C1W
4C1Y	4C1Y
4C2V	4C2V
4C3K	4C3K
4C61	4C61
2I4T	2I4T
2I5F	2I5F
2I6B	2I6B
2I80	2I80
2IHJ	2IHJ
2IMD	2IMD
2ISW	2ISW
2IWS	2IWS
2IZX	2IZX
2J4K	2J4K
2J7X	2J7X
2J83	2J83
2J87	2J87
2JA3	2JA3
2JB5	2JB5
2JB6	2JB6
2JBL	2JBL
4HKI	4HKI
4HN2	4HN2
4HNC	4HNC
4HT2	4HT2
4HTX	4HTX
4HU1	4HU1
4HVA	4HVA
4HWB	4HWB
4HWR	4HWR
4HWT	4HWT
4HXW	4HXW
4HXZ	4HXZ
4HY0	4HY0
4HY1	4HY1
4HYB	4HYB
4HYS	4HYS
4HZ5	4HZ5
4HZM	4HZM
4HZZ	4HZZ
4I1R	4I1R
4URN	4URN
4URY	4URY
4USI	4USI
4UTR	4UTR
4UU5	4UU5
4UUA	4UUA
4UX6	4UX6
4UXB	4UXB
4UXH	4UXH
4UXJ	4UXJ
4UXL	4UXL
4UYN	4UYN
4UZD	4UZD
4V01	4V01
4V11	4V11
4V1C	4V1C
4V1F	4V1F
4V24	4V24
4W4Z	4W4Z
4W7P	4W7P
4W9N	4W9N
4W9P	4W9P
4W9X	4W9X
4WAG	4WAG
4WBG	4WBG
4WBO	4WBO
4WCF	4WCF
4WCU	4WCU
4WEF	4WEF
4WEY	4WEY
4WF2	4WF2
4WH9	4WH9
4WHQ	4WHQ
4WHR	4WHR
4WHS	4WHS
4WK7	4WK7
4WMY	4WMY
4WN0	4WN0
4WN5	4WN5
4WNK	4WNK
4WOP	4WOP
4WP7	4WP7
4WQ3	4WQ3
4XHL	4XHL
4XKB	4XKB
4XNV	4XNV
4XOE	4XOE
4XPJ	4XPJ
4XQA	4XQA
4XRQ	4XRQ
4XSX	4XSX
4XTA	4XTA
4XTM	4XTM
4XTZ	4XTZ
4XUE	4XUE
4XV9	4XV9
4XWK	4XWK
4XXH	4XXH
4XY8	4XY8
4XYC	4XYC
4Y0A	4Y0A
4Y4V	4Y4V
4Y5S	4Y5S
4Y62	4Y62
4Y67	4Y67
5WEP	5WEP
5WF7	5WF7
5WFJ	5WFJ
5WG5	5WG5
5WG6	5WG6
5WG8	5WG8
5WI1	5WI1
5WIC	5WIC
5WKM	5WKM
5WL0	5WL0
5WLE	5WLE
5WMT	5WMT
5WP5	5WP5
5WQC	5WQC
5WQJ	5WQJ
5WVD	5WVD
5WXH	5WXH
5WZR	5WZR
5WZS	5WZS
5X02	5X02
5X13	5X13
5X33	5X33
5X4M	5X4M
5X54	5X54
5X5G	5X5G
5X74	5X74
5X79	5X79
5XBT	5XBT
5XG5	5XG5
6CKL	6CKL
6CKX	6CKX
6CLV	6CLV
6CSF	6CSF
6CT7	6CT7
6CUS	6CUS
